{"1": 16.95961485577808, "2": 16.96111253193042, "3": 16.961114869361783, "4": 16.961114873009823, "5": 16.96111487301551, "6": 16.96111487301551, "7": 16.96111487301551, "8": 16.96111487301551, "9": 16.96111487301551, "10": 16.96111487301551, "11": 16.96111487301551, "12": 16.96111487301551, "13": 16.96111487301551, "14": 16.96111487301551, "15": 16.96111487301551, "16": 16.96111487301551, "17": 16.96111487301551, "18": 16.96111487301551, "19": 16.96111487301551, "20": 16.96111487301551, "21": 16.96111487301551, "22": 16.96111487301551, "23": 16.96111487301551, "24": 16.96111487301551, "25": 16.96111487301551, "26": 16.96111487301551, "27": 16.96111487301551, "28": 16.96111487301551, "29": 16.96111487301551}